Game ,Win/Loss,Margin,Shots Taken ,Assists
12/1/99,W,18,18,3
12/3/99,W,13,15,0
12/5/99,W,17,12,3
12/7/99,W,11,13,2
12/8/99,L,-12,19,5
12/11/99,W,12,12,7
12/12/99,W,8,24,6
12/14/99,W,27,12,3
12/16/99,W,7,19,2
12/17/99,W,9,24,12
12/19/99,W,6,20,3
12/20/99,W,9,17,4
12/25/99,W,6,19,5
12/27/99,W,2,22,4
12/29/99,W,16,15,6
1/4/00,W,24,26,2
1/5/00,W,17,22,6
1/7/00,W,4,19,4
1/8/00,W,10,18,1
1/10/00,W,35,18,4
1/12/00,W,9,19,5
1/14/00,L,-9,19,3
1/15/00,W,13,18,6
1/17/00,L,-1,18,2
1/19/00,W,9,15,4
1/22/00,L,-4,19,2
1/24/00,L,-4,24,1
1/28/00,W,28,15,0
1/30/00,L,-6,22,5
2/1/00,L,-24,14,8
2/4/00,W,46,8,9
2/7/00,W,8,21,11
2/9/00,W,33,17,4
2/15/00,W,12,14,5
2/16/00,W,7,18,6
2/18/00,W,8,10,5
2/20/00,W,3,15,7
2/22/00,W,8,20,4
2/23/00,W,18,22,6
2/25/00,W,13,12,5
2/27/00,W,16,18,6
2/29/00,W,3,11,3
3/1/00,W,12,22,3
3/3/00,W,15,17,7
3/5/00,W,13,12,3
3/6/00,W,20,12,5
3/9/00,W,17,19,4
3/12/00,W,3,24,8
3/13/00,W,10,20,5
3/16/00,L,-7,10,7
3/17/00,W,28,21,6
3/19/00,W,7,23,7
3/20/00,W,11,25,4
3/22/00,W,23,16,4
3/24/00,W,8,15,7
3/26/00,W,1,19,4
3/29/00,W,9,20,3
3/31/00,W,12,12,5
4/2/00,W,24,11,8
4/5/00,W,7,14,11
4/8/00,L,-18,30,5
4/10/00,W,3,28,6
4/14/00,W,7,21,5
4/16/00,W,6,18,10
4/18/00,L,-10,20,6
4/19/00,L,-5,21,1
4/23/00,W,10,22,5
4/27/00,W,24,20,1
4/30/00,L,-8,25,2
5/2/00,L,-13,30,4
5/5/00,W,27,16,6
5/7/00,W,28,17,1
5/10/00,W,1,11,6
5/12/00,W,6,20,2
5/14/00,L,-19,20,5
5/16/00,W,22,16,3
5/20/00,W,15,9,6
5/22/00,L,-29,9,4
5/26/00,W,2,18,7
5/28/00,W,12,15,7
5/30/00,L,-8,13,4
6/2/00,L,-10,24,6
6/4/00,W,5,19,7
6/7/00,W,17,13,5
6/14/00,W,2,27,5
6/16/00,L,-33,20,3
6/19/00,W,5,27,4
10/30/01,W,11,24,4
11/1/01,W,4,22,8
11/2/01,W,23,14,9
11/4/01,W,4,21,7
11/9/01,W,24,15,7
11/11/01,W,13,13,8
11/15/01,W,1,27,5
11/16/01,L,-12,15,5
11/18/01,W,8,19,8
11/20/01,W,5,14,12
11/21/01,W,21,15,7
11/23/01,W,16,14,3
11/25/01,W,7,19,7
11/27/01,W,19,23,4
11/30/01,W,15,19,3
12/1/01,W,26,15,5
12/5/01,W,4,23,5
12/7/01,L,-6,23,3
12/11/01,L,-11,23,1
12/14/01,W,30,18,7
12/16/01,W,16,12,3
12/20/01,W,6,26,5
12/21/01,L,-6,23,6
12/25/01,W,6,19,9
12/26/01,L,-11,28,5
12/28/01,L,-3,24,6
12/30/01,W,24,17,11
1/2/02,W,1,22,3
1/4/02,W,32,15,6
1/6/02,W,20,20,2
1/8/02,W,29,17,6
1/9/02,W,19,22,4
1/11/02,L,-18,27,5
1/12/02,L,-2,25,9
1/14/02,W,39,34,4
1/16/02,L,-6,30,7
1/19/02,W,17,25,5
1/22/02,L,-16,14,6
1/23/02,L,-5,25,4
1/25/02,W,3,19,6
1/27/02,L,-6,17,3
1/29/02,W,34,20,2
1/30/02,W,18,23,4
2/1/02,W,15,13,6
2/3/02,W,7,25,6
2/6/02,L,-8,26,1
2/12/02,W,9,20,15
2/14/02,W,5,21,10
2/15/02,L,-3,13,10
2/17/02,L,-6,26,2
2/19/02,L,-1,25,9
2/21/02,W,7,24,6
2/22/02,W,2,19,6
2/24/02,W,16,18,5
2/26/02,W,10,25,6
2/27/02,L,-11,25,11
3/1/02,W,12,17,3
3/6/02,L,-8,19,4
3/10/02,W,14,14,7
3/12/02,W,41,17,4
3/14/02,W,8,14,6
3/15/02,W,6,26,2
3/17/02,W,2,14,11
3/19/02,L,-16,18,3
3/20/02,L,-18,16,0
3/22/02,W,12,17,7
3/24/02,W,1,21,4
3/26/02,W,5,10,3
3/27/02,L,-12,20,3
3/29/02,W,12,26,6
3/31/02,W,1,24,3
4/2/02,W,20,13,6
4/3/02,L,-2,30,3
4/5/02,L,-18,25,2
4/7/02,W,8,12,4
4/9/02,W,30,16,5
4/11/02,W,13,20,2
4/14/02,L,-8,15,9
4/15/02,W,7,16,4
4/17/02,W,14,17,5
4/21/02,W,8,28,3
4/25/02,W,7,21,5
4/28/02,W,1,19,7
5/5/02,W,6,18,4
5/7/02,L,-3,25,6
5/10/02,W,10,31,6
5/12/02,W,2,27,3
5/14/02,W,6,20,5
5/18/02,W,7,26,5
5/20/02,L,-6,21,2
5/24/02,L,-13,24,3
5/26/02,W,1,26,2
5/28/02,L,-1,29,3
5/31/02,W,4,20,5
6/2/02,W,6,26,7
6/5/02,W,5,16,6
6/7/02,W,23,15,3
6/9/02,W,3,23,4
6/12/02,W,6,16,8
10/29/02,L,-5,29,5
10/30/02,L,-12,18,2
11/1/02,W,15,18,12
11/3/02,W,3,19,12
11/5/02,L,-19,13,9
11/7/02,L,-3,47,4
11/8/02,L,-1,21,4
11/12/02,L,-12,22,8
11/15/02,W,7,40,4
11/17/02,L,-4,37,4
11/19/02,L,-26,21,3
11/20/02,L,-7,25,7
11/22/02,W,13,14,7
11/24/02,W,12,15,11
11/26/02,L,-12,14,4
11/27/02,L,-10,31,4
11/29/02,W,6,35,5
12/1/02,L,-3,15,11
12/3/02,W,10,16,11
12/4/02,L,-8,14,5
12/6/02,W,2,19,7
12/8/02,W,9,18,14
12/10/02,L,-4,12,14
12/13/02,L,-16,16,5
12/15/02,W,23,15,8
12/17/02,L,-16,14,6
12/19/02,L,-27,29,5
12/20/02,L,-3,35,10
12/22/02,W,2,25,5
12/25/02,L,-6,24,6
12/28/02,W,19,26,6
12/29/02,W,16,15,12
1/4/03,L,-14,32,7
1/5/03,W,12,29,7
1/7/03,W,21,28,3
1/10/03,W,16,12,11
1/12/03,W,25,21,4
1/15/03,W,8,28,4
1/17/03,L,-4,21,9
1/20/03,W,4,18,11
1/22/03,L,-4,17,7
1/24/03,L,-6,14,5
1/29/03,W,9,29,4
1/31/03,W,11,29,5
2/1/03,W,12,25,4
2/4/03,W,3,31,2
2/6/03,W,5,27,3
2/11/03,W,28,20,5
2/12/03,W,11,28,2
2/14/03,L,-8,41,4
2/16/03,L,-7,31,5
2/18/03,W,7,38,7
2/19/03,W,6,29,1
2/21/03,W,8,32,1
2/23/03,W,5,34,3
2/25/03,W,11,26,3
2/27/03,W,10,22,1
2/28/03,L,-17,27,9
3/5/03,W,2,26,5
3/7/03,W,10,24,7
3/9/03,W,14,20,9
3/11/03,L,-17,26,5
3/12/03,L,-23,23,4
3/14/03,W,7,24,3
3/15/03,W,4,14,4
3/17/03,W,17,16,6
3/20/03,L,-8,30,3
3/21/03,W,8,11,7
3/23/03,L,-9,30,0
3/25/03,W,17,21,6
3/26/03,W,3,22,5
3/28/03,W,14,29,3
3/30/03,L,-21,13,5
3/31/03,W,16,23,8
4/3/03,W,11,21,6
4/4/03,W,1,15,6
4/6/03,W,2,25,7
4/8/03,W,9,16,4
4/10/03,W,13,31,6
4/13/03,L,-2,19,7
4/15/03,W,22,16,4
4/16/03,W,6,28,4
4/20/03,W,19,30,8
4/22/03,L,-28,28,8
4/24/03,L,-4,28,6
4/27/03,W,5,25,5
4/29/03,W,30,21,5
5/1/03,W,16,26,8
5/5/03,L,-5,38,2
5/7/03,L,-19,24,1
5/9/03,W,15,23,4
5/11/03,W,4,24,3
5/13/03,L,-2,31,6
5/15/03,L,-28,19,6
11/1/03,W,4,12,4
11/2/03,W,15,12,2
11/4/03,W,6,22,8
11/6/03,W,3,29,2
11/7/03,L,-19,14,3
11/10/03,L,-10,15,5
11/12/03,W,15,11,4
11/14/03,W,5,11,1
11/16/03,W,22,10,6
11/18/03,L,-10,14,3
11/19/03,W,21,13,4
11/21/03,W,7,19,4
11/23/03,W,32,16,3
11/26/03,W,21,13,4
11/28/03,W,16,13,2
11/30/03,W,22,10,7
12/3/03,W,4,20,3
12/4/03,W,11,23,3
12/7/03,W,2,17,3
12/9/03,W,8,16,9
12/12/03,L,-17,18,6
12/13/03,L,-4,18,6
12/19/03,W,2,14,5
12/21/03,W,6,12,4
12/23/03,L,-9,16,2
12/25/03,L,-12,26,6
12/28/03,W,23,18,6
1/2/04,L,-2,25,6
1/4/04,L,-3,27,3
1/6/04,L,-16,17,4
1/7/04,L,-22,23,6
1/9/04,W,46,19,6
1/12/04,W,10,8,2
1/24/04,W,7,15,6
1/28/04,W,14,15,3
2/11/04,L,-15,7,3
2/17/04,W,3,23,10
2/18/04,W,1,16,8
2/20/04,W,28,18,7
2/22/04,W,12,25,5
2/25/04,W,1,26,10
2/26/04,L,-2,28,6
2/28/04,W,12,16,10
2/29/04,W,17,12,10
3/3/04,W,3,19,13
3/10/04,W,8,16,10
3/12/04,L,-10,20,5
3/13/04,W,7,25,3
3/15/04,W,3,26,4
3/17/04,W,3,17,6
3/19/04,W,6,20,3
3/21/04,W,1,17,4
3/24/04,W,24,23,6
3/26/04,W,17,21,5
3/28/04,W,7,23,4
3/30/04,W,19,17,6
4/1/04,W,8,19,4
4/2/04,W,11,18,2
4/4/04,L,-6,26,3
4/6/04,L,-11,23,8
4/9/04,W,8,23,7
4/11/04,L,-17,13,4
4/13/04,W,5,29,8
4/14/04,W,1,31,5
4/17/04,W,1,19,6
4/19/04,W,14,20,4
4/23/04,L,-11,20,6
4/25/04,W,4,21,5
4/28/04,W,19,21,10
5/2/04,L,-10,26,4
5/5/04,L,-10,17,8
5/9/04,W,24,13,6
5/11/04,W,8,27,5
5/13/04,W,1,27,5
5/15/04,W,12,20,7
5/21/04,W,9,20,6
5/23/04,L,-18,24,6
5/25/04,W,11,12,6
5/27/04,W,7,24,4
5/29/04,L,-2,19,7
5/31/04,W,6,17,4
6/6/04,L,-12,27,4
6/8/04,W,8,27,7
6/10/04,L,-20,13,5
6/13/04,L,-8,25,2
6/15/04,L,-13,21,4
11/2/04,W,11,14,7
11/3/04,L,-26,21,1
11/5/04,L,-9,22,4
11/7/04,W,16,12,6
11/9/04,W,8,18,4
11/10/04,L,-23,19,4
11/12/04,L,-9,31,8
11/13/04,W,5,20,3
11/17/04,W,14,16,11
11/19/04,L,-5,33,10
11/21/04,W,9,22,7
11/23/04,W,4,24,5
11/26/04,L,-3,17,8
11/28/04,W,13,20,7
11/30/04,W,5,13,11
12/1/04,L,-8,21,10
12/3/04,W,9,12,10
12/8/04,L,-3,23,11
12/11/04,W,2,32,5
12/12/04,W,7,23,6
12/14/04,L,-15,23,5
12/16/04,W,16,17,12
12/17/04,L,-4,22,14
12/20/04,L,-10,16,8
12/22/04,W,12,26,4
12/25/04,L,-2,30,6
12/28/04,W,18,26,4
1/2/05,W,8,29,4
1/4/05,L,-17,16,2
1/5/05,L,-14,30,3
1/7/05,W,7,19,10
1/10/05,W,9,19,4
1/12/05,L,-12,14,7
2/13/05,L,-14,22,6
2/15/05,W,7,19,8
2/22/05,W,9,13,3
2/23/05,W,3,17,6
2/25/05,L,-21,12,11
2/27/05,L,-6,25,8
2/28/05,L,-2,17,8
3/2/05,L,-3,24,3
3/4/05,W,5,27,6
3/6/05,W,9,24,2
3/8/05,L,-9,21,3
3/10/05,W,5,22,3
3/12/05,W,1,24,9
3/14/05,L,-14,22,6
3/15/05,L,-17,15,2
3/17/05,L,-13,23,3
3/18/05,L,-6,14,4
3/20/05,L,-2,23,4
3/22/05,L,-8,26,4
3/24/05,L,-21,13,4
3/27/05,L,-7,22,5
3/29/05,W,10,17,5
3/31/05,L,-9,16,6
4/2/05,L,-1,19,6
4/3/05,L,-20,8,0
4/7/05,L,-14,19,10
4/8/05,W,23,22,5
4/10/05,L,-19,17,6
4/11/05,L,-11,17,10
4/17/05,L,-2,15,9
4/18/05,L,-27,27,5
4/20/05,L,-3,20,4
11/2/05,W,2,28,4
11/3/05,L,-10,26,5
11/6/05,W,20,31,5
11/8/05,W,6,26,5
11/9/05,L,-14,26,4
11/11/05,L,-4,27,7
11/14/05,L,-12,18,2
11/16/05,W,5,36,3
11/18/05,L,-6,35,5
11/20/05,L,-3,34,3
11/24/05,W,12,26,5
11/27/05,L,-6,36,3
11/29/05,L,-6,33,0
12/1/05,W,4,31,3
12/2/05,L,-5,16,8
12/4/05,W,1,30,4
12/6/05,W,19,24,6
12/7/05,W,11,12,9
12/9/05,W,13,21,8
12/10/05,L,-13,20,3
12/12/05,W,3,33,2
12/14/05,W,15,17,3
12/16/05,W,6,24,4
12/18/05,L,-2,13,6
12/20/05,W,22,31,0
12/23/05,W,16,16,9
12/25/05,L,-5,30,6
12/26/05,L,-3,27,2
12/28/05,L,-1,37,4
1/6/06,W,26,29,2
1/7/06,W,3,41,8
1/9/06,W,6,32,5
1/11/06,L,-10,29,3
1/12/06,W,1,21,2
1/14/06,W,6,28,7
1/16/06,W,8,24,4
1/19/06,L,-9,35,4
1/20/06,L,-13,33,2
1/27/06,W,1,22,8
1/29/06,L,-9,28,3
1/31/06,W,33,17,3
2/1/06,L,-26,24,2
2/3/06,L,-10,18,5
2/4/06,L,-16,26,5
2/7/06,L,-15,22,4
2/8/06,W,11,29,9
2/11/06,L,-1,28,4
2/13/06,W,6,20,3
2/15/06,L,-4,28,9
2/21/06,W,17,19,4
2/23/06,W,21,27,10
2/24/06,L,-19,29,8
2/26/06,L,-1,23,6
2/28/06,W,15,20,8
3/1/06,L,-6,27,5
3/3/06,W,12,29,5
3/4/06,W,11,26,4
3/6/06,L,-7,32,3
3/8/06,W,6,33,1
3/10/06,W,8,29,4
3/12/06,L,-7,29,7
3/14/06,L,-16,28,7
3/15/06,W,3,25,3
3/17/06,L,-3,24,11
3/19/06,L,-1,33,5
3/20/06,W,8,39,4
3/22/06,W,7,20,4
3/24/06,W,5,26,2
3/26/06,W,11,19,2
3/30/06,L,-11,26,2
3/31/06,W,13,38,4
4/2/06,W,16,32,6
4/6/06,L,-2,32,1
4/7/06,L,-11,33,3
4/9/06,W,17,27,5
4/11/06,W,11,22,5
4/14/06,W,11,28,1
4/16/06,W,20,28,5
4/19/06,W,20,26,3
4/23/06,L,-5,21,5
4/26/06,W,6,24,5
4/28/06,W,7,18,7
4/30/06,W,1,14,8
5/2/06,L,-17,17,5
5/4/06,L,-8,35,5
5/6/06,L,-31,16,1
11/3/06,W,6,15,6
11/5/06,L,-16,10,9
11/7/06,W,7,7,6
11/8/06,L,-11,19,1
11/10/06,L,-14,11,2
11/12/06,W,10,17,6
11/17/06,W,7,19,7
11/19/06,W,10,14,4
11/21/06,W,4,23,5
11/24/06,L,-6,18,2
11/26/06,W,6,24,10
11/28/06,L,-4,23,4
11/30/06,W,30,26,3
12/2/06,W,9,23,3
12/4/06,W,14,16,2
12/6/06,L,-16,17,4
12/10/06,W,7,25,1
12/12/06,W,8,26,7
12/13/06,L,-9,18,4
12/15/06,W,11,38,8
12/17/06,L,-6,24,10
12/19/06,L,-5,19,4
12/20/06,W,17,17,6
12/22/06,W,4,13,11
12/25/06,L,-16,17,4
12/27/06,W,13,22,7
12/29/06,L,-9,45,4
12/31/06,W,10,22,6
1/4/07,W,4,21,9
1/5/07,W,19,9,10
1/7/07,W,3,20,6
1/9/07,L,-10,15,6
1/10/07,L,-25,18,1
1/12/07,W,3,15,7
1/15/07,W,6,24,8
1/17/07,W,4,19,8
1/18/07,L,-19,18,5
1/20/07,L,-10,22,7
1/22/07,W,5,22,1
1/26/07,L,-9,24,5
1/28/07,L,-2,25,7
1/31/07,W,13,25,8
2/2/07,L,-11,25,4
2/3/07,W,16,26,6
2/5/07,W,7,18,4
2/8/07,L,-15,13,5
2/9/07,L,-4,23,5
2/11/07,L,-9,24,6
2/13/07,L,-1,20,4
2/15/07,L,-6,22,5
2/21/07,L,-4,22,6
2/23/07,W,26,23,9
2/25/07,W,17,23,6
2/26/07,W,8,21,4
3/4/07,L,-5,28,6
3/6/07,L,-10,30,8
3/9/07,L,-16,27,4
3/11/07,L,-36,19,3
3/15/07,L,-27,19,9
3/16/07,W,5,39,3
3/18/07,W,7,35,3
3/22/07,W,2,37,4
3/23/07,W,6,29,1
3/25/07,W,2,33,0
3/27/07,L,-2,26,5
3/30/07,L,-3,44,2
4/1/07,W,23,14,13
4/3/07,L,-6,31,4
4/4/07,L,-8,34,3
4/6/07,W,3,27,6
4/8/07,L,-8,25,7
4/9/07,L,-4,30,10
4/12/07,L,-8,33,1
4/13/07,L,-8,26,4
4/15/07,W,11,25,3
4/18/07,W,11,19,6
4/22/07,L,-8,33,1
4/24/07,L,-28,13,5
4/26/07,W,6,26,6
4/29/07,L,-13,25,9
5/2/07,L,-9,33,1
10/30/07,L,-2,32,4
11/2/07,W,21,15,4
11/4/07,W,10,19,3
11/6/07,L,-14,20,7
11/9/07,W,14,19,7
11/13/07,L,-15,19,5
11/14/07,W,3,23,5
11/16/07,W,12,18,7
11/18/07,W,28,16,3
11/20/07,W,20,16,4
11/21/07,L,-7,18,4
11/23/07,L,-13,21,3
11/25/07,L,-2,21,7
11/27/07,W,7,22,6
11/29/07,W,28,18,7
11/30/07,L,-24,19,3
12/2/07,L,-7,26,5
12/4/07,W,21,12,5
12/5/07,W,4,19,5
12/9/07,W,10,23,8
12/13/07,W,5,24,3
12/14/07,L,-2,23,5
12/16/07,W,21,22,3
12/18/07,W,12,19,2
12/20/07,L,-4,22,5
12/21/07,W,5,20,3
12/23/07,W,5,28,8
12/25/07,W,7,20,7
12/28/07,W,14,18,7
12/30/07,L,-19,25,3
1/4/08,W,31,9,4
1/6/08,W,16,21,6
1/8/08,W,16,22,6
1/9/08,W,29,16,7
1/11/08,W,5,25,7
1/13/08,W,1,25,4
1/14/08,W,2,44,2
1/17/08,L,-8,22,4
1/21/08,W,17,7,11
1/23/08,L,-12,27,5
1/25/08,L,-7,19,5
1/27/08,L,-3,21,6
1/29/08,W,11,21,11
1/31/08,L,-1,25,5
2/1/08,W,20,28,5
2/3/08,W,12,15,2
2/5/08,W,15,13,8
2/6/08,L,-3,16,10
2/8/08,W,4,26,6
2/10/08,W,10,15,5
2/11/08,W,9,17,4
2/13/08,W,25,18,5
2/19/08,W,29,16,3
2/20/08,W,6,25,3
2/23/08,W,18,11,7
2/24/08,W,20,13,10
2/26/08,W,13,25,7
2/28/08,W,18,14,8
2/29/08,L,-8,24,5
3/2/08,W,4,27,4
3/4/08,W,12,26,3
3/7/08,W,37,9,3
3/9/08,L,-1,18,5
3/11/08,W,9,20,7
3/14/08,L,-10,23,3
3/16/08,L,-12,33,2
3/18/08,W,2,23,7
3/20/08,W,11,24,7
3/21/08,W,25,15,5
3/23/08,L,-4,30,8
3/24/08,W,4,30,7
3/26/08,L,-13,22,3
3/28/08,L,-3,37,1
3/30/08,W,6,24,13
4/2/08,W,13,16,7
4/4/08,W,4,14,6
4/6/08,W,22,15,5
4/8/08,L,-9,26,5
4/10/08,W,28,17,3
4/11/08,W,3,17,8
4/13/08,W,21,14,5
4/15/08,W,23,13,5
4/20/08,W,14,26,1
4/23/08,W,15,27,10
4/26/08,W,18,19,8
4/28/08,W,6,24,6
5/4/08,W,11,16,7
5/7/08,W,10,18,6
5/9/08,L,-5,20,7
5/11/08,L,-8,33,10
5/14/08,W,7,10,7
5/16/08,W,3,19,6
5/21/08,W,4,21,9
5/23/08,W,30,17,5
5/25/08,L,-19,23,1
5/27/08,W,2,29,1
5/29/08,W,8,30,3
6/5/08,L,-10,26,6
6/8/08,L,-6,23,8
6/10/08,W,6,20,1
6/12/08,L,-6,19,10
6/15/08,W,5,21,4
6/17/08,L,-39,22,1
10/28/08,W,20,17,5
10/29/08,W,38,12,3
11/1/08,W,7,24,3
11/5/08,W,18,21,3
11/9/08,W,29,17,3
11/11/08,W,7,20,1
11/12/08,W,7,15,6
11/14/08,L,-11,30,6
11/18/08,W,7,18,6
11/20/08,W,13,23,3
11/21/08,W,14,18,2
11/23/08,W,10,20,6
11/25/08,W,27,17,4
11/28/08,W,7,26,5
11/30/08,W,13,14,7
12/2/08,L,-1,21,2
12/3/08,W,12,20,4
12/5/08,W,2,17,7
12/7/08,W,13,13,8
12/9/08,L,-12,25,3
12/10/08,W,5,16,3
12/12/08,W,9,21,3
12/14/08,W,12,24,5
12/16/08,W,2,22,6
12/19/08,L,-2,24,3
12/20/08,L,-3,31,3
12/22/08,W,9,23,3
12/23/08,W,13,18,4
12/25/08,W,9,23,5
12/28/08,W,17,15,4
1/2/09,W,13,23,4
1/4/09,W,14,19,3
1/6/09,L,-11,22,7
1/7/09,W,8,20,5
1/9/09,W,2,20,13
1/11/09,W,3,14,7
1/13/09,W,5,32,4
1/14/09,L,-1,19,10
1/16/09,L,-6,26,11
1/19/09,W,17,22,12
1/21/09,W,11,15,12
1/22/09,W,20,11,5
1/25/09,W,14,17,3
1/27/09,L,-7,28,5
1/30/09,W,13,23,5
1/31/09,W,17,20,7
2/2/09,W,9,31,3
2/4/09,W,8,28,5
2/5/09,W,1,29,5
2/8/09,W,10,17,2
2/10/09,W,7,26,1
2/11/09,L,-4,33,4
2/17/09,W,13,12,2
2/18/09,W,8,22,9
2/20/09,W,4,30,5
2/22/09,W,3,21,7
2/24/09,W,14,21,5
2/26/09,W,26,13,8
2/27/09,L,-11,31,2
3/1/09,L,-7,38,2
3/3/09,W,10,23,2
3/6/09,W,20,17,4
3/9/09,L,-17,29,3
3/11/09,W,6,23,6
3/12/09,W,7,21,6
3/15/09,W,7,20,5
3/17/09,L,-1,15,5
3/19/09,W,8,25,2
3/21/09,W,8,25,7
3/24/09,W,18,18,5
3/26/09,W,15,18,7
3/27/09,W,8,19,9
3/29/09,L,-10,19,4
3/31/09,L,-10,28,2
4/1/09,W,6,19,4
4/3/09,W,12,11,7
4/5/09,W,3,15,5
4/7/09,W,18,16,4
4/9/09,W,14,19,2
4/10/09,L,-8,24,2
4/12/09,W,17,9,4
4/14/09,W,13,11,5
4/19/09,W,13,17,8
4/21/09,W,10,17,9
4/23/09,L,-2,24,6
4/25/09,W,14,24,1
4/27/09,W,11,21,4
5/4/09,L,-8,31,4
5/6/09,W,13,27,3
5/8/09,W,14,28,3
5/10/09,L,-12,17,5
5/12/09,W,40,19,3
5/14/09,L,-15,27,3
5/17/09,W,19,12,5
5/19/09,W,2,28,4
5/21/09,L,-3,20,3
5/23/09,W,6,24,5
5/25/09,L,-19,26,5
5/27/09,W,9,13,8
5/29/09,W,27,20,10
6/4/09,W,25,34,8
6/7/09,W,5,22,8
6/9/09,L,-4,25,8
6/11/09,W,8,31,8
6/14/09,W,13,23,5
10/27/09,W,7,26,3
10/30/09,L,-14,19,2
11/1/09,W,8,29,3
11/3/09,W,3,22,4
11/4/09,W,1,30,4
11/6/09,W,16,30,1
11/8/09,W,16,21,1
11/12/09,W,19,21,4
11/13/09,L,-26,17,2
11/15/09,L,-10,20,3
11/17/09,W,13,29,5
11/19/09,W,15,21,8
11/22/09,W,16,23,7
11/24/09,W,10,20,4
11/28/09,W,33,20,6
11/29/09,W,19,17,7
12/1/09,W,11,11,4
12/4/09,W,1,25,3
12/6/09,W,20,16,3
12/9/09,W,24,19,8
12/11/09,W,12,18,5
12/12/09,L,-8,24,5
12/15/09,W,9,26,3
12/16/09,W,1,28,4
12/19/09,W,19,23,5
12/20/09,W,12,23,4
12/22/09,W,3,26,6
12/25/09,L,-15,33,8
12/26/09,W,9,30,4
12/28/09,L,-15,26,2
12/29/09,W,6,27,11
1/1/10,W,1,27,5
1/3/10,W,35,12,8
1/5/10,W,9,23,3
1/6/10,L,-11,30,8
1/8/10,L,-9,37,7
1/10/10,W,18,21,1
1/12/10,L,-20,10,3
1/13/10,W,5,11,1
1/15/10,W,40,20,3
1/18/10,W,6,19,7
1/21/10,L,-6,31,4
1/22/10,W,10,24,6
1/24/10,L,-1,24,9
1/26/10,W,12,15,8
1/27/10,W,22,15,7
1/29/10,W,8,22,3
1/31/10,W,1,20,6
2/1/10,L,-2,28,3
2/3/10,W,2,12,6
2/5/10,L,-13,22,0
2/23/10,W,1,19,6
2/24/10,L,-5,23,2
2/26/10,W,9,16,8
2/28/10,W,6,17,12
3/2/10,W,23,14,6
3/4/10,L,-3,28,4
3/5/10,L,-15,21,2
3/7/10,L,-2,30,7
3/9/10,W,2,20,6
3/12/10,W,6,16,8
3/15/10,W,3,18,4
3/16/10,W,7,26,7
3/19/10,W,8,11,13
3/21/10,W,7,17,4
3/24/10,W,9,16,6
3/26/10,L,-16,11,3
3/27/10,W,8,14,9
3/29/10,L,-8,18,6
3/31/10,L,-17,21,4
4/2/10,W,14,23,3
4/4/10,L,-19,24,6
4/11/10,L,-3,23,2
4/18/10,W,8,19,3
4/20/10,W,3,28,1
4/22/10,L,-5,29,8
4/24/10,L,-21,10,4
4/27/10,W,24,9,7
4/30/10,W,1,25,3
5/2/10,W,5,19,4
5/4/10,W,8,22,8
5/8/10,W,1,24,7
5/10/10,W,15,23,4
5/17/10,W,21,23,5
5/19/10,W,12,19,13
5/23/10,L,-9,24,11
5/25/10,L,-9,22,10
5/27/10,W,2,27,9
5/29/10,W,8,25,2
6/3/10,W,13,22,6
6/6/10,L,-9,20,6
6/8/10,W,7,29,4
6/10/10,L,-7,22,2
6/13/10,L,-6,27,4
6/15/10,W,22,19,3
6/17/10,W,4,24,2
10/26/10,W,2,20,7
10/29/10,W,8,19,3
10/31/10,W,24,16,2
11/2/10,W,19,13,1
11/3/10,W,12,22,12
11/5/10,W,5,12,6
11/7/10,W,25,11,1
11/9/10,W,5,28,2
11/11/10,L,-6,32,5
11/14/10,L,-5,20,14
11/16/10,W,11,23,3
11/17/10,W,13,20,4
11/19/10,W,17,27,2
11/21/10,W,28,16,5
11/23/10,W,7,18,5
11/26/10,L,-6,21,3
11/28/10,L,-3,33,4
11/30/10,L,-2,25,5
12/1/10,L,-10,24,4
12/3/10,W,33,18,4
12/7/10,W,7,23,3
12/8/10,W,1,15,4
12/10/10,L,-4,23,7
12/12/10,W,7,19,6
12/14/10,W,14,13,4
12/15/10,W,15,18,6
12/17/10,W,12,11,4
12/19/10,W,10,12,4
12/21/10,L,-19,16,2
12/25/10,L,-16,16,7
12/28/10,L,-15,27,1
12/29/10,W,15,14,4
12/31/10,W,4,24,2
1/2/11,L,-19,22,2
1/4/11,W,25,18,8
1/5/11,W,4,17,5
1/7/11,W,4,19,4
1/9/11,W,22,28,5
1/11/11,W,55,10,8
1/12/11,W,5,21,4
1/14/11,W,12,19,4
1/16/11,L,-7,17,5
1/17/11,W,7,12,7
1/19/11,L,-9,18,10
1/21/11,W,10,15,7
1/25/11,W,29,11,6
1/28/11,L,-5,27,7
1/30/11,L,-13,29,0
2/1/11,W,8,25,11
2/3/11,L,-1,18,10
2/5/11,W,6,22,5
2/7/11,W,9,17,6
2/10/11,W,6,17,4
2/11/11,W,17,17,2
2/13/11,L,-14,18,5
2/14/11,L,-20,20,2
2/16/11,L,-5,24,2
2/22/11,W,24,11,5
2/23/11,W,5,31,6
2/25/11,W,13,16,5
2/27/11,W,3,22,7
3/1/11,W,11,18,3
3/4/11,W,8,25,3
3/6/11,W,16,25,5
3/8/11,W,14,18,4
3/10/11,L,-6,21,2
3/12/11,W,5,20,4
3/14/11,W,13,19,4
3/18/11,W,8,17,5
3/20/11,W,4,20,3
3/22/11,W,2,31,9
3/25/11,W,8,21,6
3/27/11,W,18,25,5
3/31/11,W,28,21,4
4/1/11,W,11,14,4
4/3/11,L,-5,27,4
4/5/11,L,-1,18,5
4/6/11,L,-8,20,2
4/8/11,L,-7,25,4
4/10/11,L,-14,19,4
4/12/11,W,9,21,4
4/13/11,W,8,24,6
4/17/11,L,-9,26,5
4/20/11,W,9,10,2
4/22/11,W,14,20,2
4/24/11,L,-5,18,8
4/26/11,W,16,13,4
4/28/11,W,18,16,2
5/2/11,L,-2,29,0
5/4/11,L,-12,20,3
5/6/11,L,-6,16,6
5/8/11,L,-36,18,1
12/25/11,L,-1,23,6
12/26/11,L,-9,24,6
12/27/11,W,25,17,5
12/29/11,W,17,17,6
12/31/11,W,3,18,9
1/1/12,L,-9,28,4
1/3/12,W,9,29,6
1/5/12,L,-11,24,3
1/6/12,W,7,28,7
1/8/12,W,8,22,9
1/10/12,W,16,31,3
1/11/12,W,3,31,4
1/13/12,W,5,31,3
1/14/12,L,-8,28,4
1/16/12,W,3,22,7
1/19/12,L,-11,21,7
1/20/12,L,-12,22,8
1/22/12,L,-2,30,4
1/25/12,W,5,17,6
1/28/12,L,-11,21,9
1/29/12,W,5,29,2
1/31/12,W,33,21,1
2/3/12,W,4,23,9
2/4/12,L,-9,16,1
2/6/12,L,-5,26,6
2/9/12,W,1,24,4
2/10/12,L,-7,29,1
2/12/12,W,2,23,1
2/14/12,W,8,18,4
2/17/12,W,12,25,6
2/19/12,L,-12,24,5
2/20/12,W,11,26,3
2/22/12,W,5,15,4
2/23/12,L,-15,24,3
2/29/12,W,19,23,8
3/2/12,W,8,24,3
3/4/12,W,10,23,1
3/6/12,L,-3,26,7
3/7/12,L,-5,31,4
3/9/12,W,3,26,1
3/11/12,W,3,20,7
3/13/12,W,5,25,5
3/14/12,W,6,23,5
3/16/12,W,5,20,3
3/18/12,L,-4,20,4
3/20/12,L,-3,27,4
3/21/12,W,16,18,4
3/23/12,W,7,17,4
3/25/12,L,-6,15,3
3/27/12,W,3,24,5
3/29/12,L,-9,25,2
3/31/12,W,3,21,5
4/1/12,W,8,28,5
4/3/12,W,4,16,3
4/4/12,W,5,19,6
4/6/12,L,-5,20,0
4/20/12,L,-24,12,1
4/22/12,W,8,26,8
4/29/12,W,15,24,4
5/1/12,W,4,29,2
5/4/12,L,-15,23,6
5/6/12,W,4,25,6
5/8/12,L,-3,32,5
5/10/12,L,-17,23,4
5/12/12,W,9,16,8
5/14/12,L,-29,18,2
5/16/12,L,-2,25,4
5/18/12,W,3,25,6
5/19/12,L,-3,28,5
5/21/12,L,-16,33,0
10/30/12,L,-8,14,0
10/31/12,L,-10,20,3
11/2/12,L,-10,23,1
11/4/12,W,29,10,8
11/7/12,L,-9,17,4
11/9/12,W,24,18,7
11/11/12,W,13,15,6
11/13/12,L,-2,19,8
11/16/12,W,12,24,6
11/18/12,W,11,18,11
11/20/12,W,5,15,5
11/21/12,L,-16,20,3
11/23/12,L,-8,23,4
11/24/12,W,26,11,5
11/27/12,L,-2,28,3
11/30/12,W,19,15,8
12/2/12,L,-10,27,5
12/4/12,L,-2,31,2
12/5/12,W,16,17,4
12/7/12,L,-6,24,7
12/9/12,L,-7,24,3
12/11/12,L,-6,28,2
12/13/12,L,-9,24,6
12/14/12,W,6,29,7
12/16/12,W,13,21,6
12/18/12,W,1,24,7
12/22/12,W,3,41,5
12/25/12,W,6,24,1
12/26/12,L,-12,24,6
12/28/12,W,17,18,4
1/1/13,L,-4,29,0
1/4/13,L,-5,25,3
1/6/13,L,-7,26,7
1/8/13,L,-13,22,7
1/9/13,L,-3,24,5
1/11/13,L,-15,23,3
1/13/13,W,20,14,6
1/15/13,W,16,19,6
1/17/13,L,-9,25,1
1/20/13,L,-5,32,5
1/21/13,L,-12,22,5
1/23/13,L,-13,23,3
1/25/13,W,18,10,14
1/27/13,W,9,12,14
1/29/13,W,5,12,11
1/30/13,L,-6,17,9
2/1/13,W,11,13,8
2/3/13,W,1,20,5
2/5/13,W,9,24,4
2/7/13,L,-21,15,0
2/8/13,W,7,15,8
2/10/13,L,-10,19,9
2/12/13,W,6,8,9
2/14/13,L,-24,13,11
2/20/13,W,14,15,7
2/22/13,W,4,23,4
2/24/13,W,4,21,7
2/25/13,L,-11,23,9
2/28/13,W,22,22,5
3/3/13,W,1,27,4
3/5/13,L,-17,19,2
3/6/13,W,6,21,12
3/8/13,W,2,22,12
3/10/13,W,9,16,9
3/12/13,W,9,14,8
3/13/13,L,-4,33,5
3/22/13,L,-3,18,11
3/25/13,L,-6,27,3
3/27/13,W,3,21,7
3/28/13,L,-10,17,3
3/30/13,W,5,18,14
4/2/13,W,20,18,11
4/5/13,W,2,23,9
4/7/13,L,-14,19,10
4/9/13,W,8,18,6
4/10/13,W,7,27,5
4/12/13,W,2,21,4
10/28/14,L,-18,17,2
10/29/14,L,-20,25,3
10/31/14,L,-7,15,7
11/1/14,L,-23,28,1
11/4/14,L,-6,37,1
11/9/14,W,15,20,4
11/11/14,L,-5,26,6
11/12/14,L,-7,28,5
11/14/14,L,-13,14,6
11/16/14,L,-21,34,3
11/18/14,W,5,18,3
11/19/14,W,6,28,7
11/21/14,L,-34,22,7
11/23/14,L,-7,24,4
11/26/14,L,-6,15,2
11/28/14,L,-1,18,5
11/30/14,W,7,24,12
12/2/14,W,10,11,13
12/3/14,L,-16,22,3
12/5/14,L,-17,21,3
12/7/14,L,-17,18,4
12/9/14,W,3,27,6
12/12/14,W,2,22,9
12/14/14,W,6,20,2
12/15/14,L,-19,26,3
12/19/14,L,-1,15,8
12/21/14,L,-7,30,3
12/28/14,L,-9,10,7
12/30/14,W,8,11,11
1/2/15,L,-3,14,8
1/4/15,W,1,14,6
1/7/15,L,-25,12,7
1/13/15,L,-3,19,7
10/28/15,L,-1,24,1
10/30/15,L,-18,12,3
11/1/15,L,-10,15,1
11/3/15,L,-11,11,5
11/6/15,W,6,16,3
11/8/15,L,-4,19,3
11/13/15,L,-8,15,3
11/15/15,W,12,19,9
11/20/15,L,-11,13,5
11/22/15,L,-14,22,4
11/24/15,L,-34,14,2
11/28/15,L,-12,20,2
11/29/15,L,-4,20,3
12/1/15,L,-12,26,2
12/2/15,W,4,24,3
12/4/15,L,-13,19,5
12/6/15,L,-20,15,1
12/7/15,L,-9,16,4
12/9/15,L,-1,13,1
12/11/15,L,-22,12,4
12/12/15,L,-29,16,6
12/15/15,W,18,15,6
12/17/15,L,-20,16,3
12/22/15,W,4,22,5
12/23/15,L,-35,22,3
12/25/15,L,-10,10,3
12/27/15,L,-16,15,3
12/28/15,L,-10,20,2
12/30/15,W,8,18,3
1/7/16,L,-3,19,3
1/8/16,L,-4,20,6
1/12/16,W,4,9,1
1/14/16,L,-18,15,3
1/16/16,L,-27,8,2
1/20/16,L,-19,13,3
1/22/16,L,-13,9,6
1/23/16,L,-18,9,1
1/28/16,L,-23,13,3
1/31/16,L,-19,18,3
2/2/16,W,4,21,5
2/4/16,W,3,24,2
2/6/16,L,-4,28,4
2/8/16,L,-2,25,0
2/10/16,L,-9,16,3
2/19/16,L,-6,25,3
2/21/16,L,-11,20,1
2/22/16,L,-7,12,2
2/24/16,L,-9,14,2
3/6/16,W,17,14,3
3/10/16,L,-12,16,2
3/13/16,L,-3,15,0
3/22/16,W,7,18,1
3/23/16,L,-12,13,2
3/25/16,L,-11,22,0
3/27/16,L,-13,15,2
3/28/16,L,-48,11,2
3/30/16,W,2,7,0
4/3/16,L,-7,28,1
4/5/16,L,-22,12,0
4/6/16,L,-10,19,1
4/8/16,L,-8,15,4
4/10/16,L,-20,22,1
4/11/16,L,-33,12,0
4/13/16,W,5,50,4